<?xml version="1.0" encoding="UTF-8" standalone="yes" ?>
<!DOCTYPE boost_serialization>
<boost_serialization signature="serialization::archive" version="15">
<Parameters class_id="0" tracking_level="0" version="14">
	<startDatePolicy>0</startDatePolicy>
	<nmbInitialSolutions>10</nmbInitialSolutions>
	<maxNmbThreads>4</maxNmbThreads>
	<constructionHeuristicParameters class_id="1" tracking_level="0" version="4">
		<method>1</method>
		<relativeRCLSize>1.000000015e-001</relativeRCLSize>
		<tournamentSize class_id="2" tracking_level="0" version="1">
			<initialized>0</initialized>
		</tournamentSize>
	</constructionHeuristicParameters>
	<performHillClimbing>0</performHillClimbing>
	<hillClimbingParameters class_id="3" tracking_level="0" version="7">
		<strategy>2</strategy>
		<performResequencing>0</performResequencing>
		<performReassignment>0</performReassignment>
		<historyLength>1</historyLength>
		<growthFactor>1.25000000000000000e+000</growthFactor>
		<relativeIterationLimit>10000</relativeIterationLimit>
	</hillClimbingParameters>
	<performSimulatedAnnealing>1</performSimulatedAnnealing>
	<simulatedAnnealingParameters class_id="4" tracking_level="0" version="5">
		<performResequencing>0</performResequencing>
		<performReassignment>0</performReassignment>
		<initialTemperatureNmbSamples>100</initialTemperatureNmbSamples>
		<initialTemperatureQuantile>1.00000000000000006e-001</initialTemperatureQuantile>
		<coolingFactor>9.999900000000000055e-001</coolingFactor>
		<maxNmbOfNonimprovingMoves>100000</maxNmbOfNonimprovingMoves>
	</simulatedAnnealingParameters>
	<randomSeed>0</randomSeed>
</Parameters>
</boost_serialization>

